toby@gmail.com,Sydney Children Hospital,7,13
toby@gmail.com,UTS Health Service,16,22
samuel@gmail.com,Prince of Wales Hospital,7,22
sid@gmail.com,Royal Prince Alfred Hospital,7,22
michael@gmail.com,USYD Health Service,7,22
anna@gmail.com,UTS Health Service,7,11
thomas@gmail.com,Prince of Wales Hospital,7,22
ian@gmail.com,Sydney Children Hospital,7,22
gary@gmail.com,Sydney Children Hospital,7,13
anna@gmail.com,Sydney Children Hospital,13,17
anna@gmail.com,Prince of Wales Hospital,20,22
gary@gmail.com,USYD Health Service,16,22
